{"rel_humidity_V_log": {"values": [1.1580135822296143, 1.2243891954421997, 0.5, 0.5, 0.5, 0.5, 0.5, 0.5, 0.5, 1.158165693283081, 1.1851330995559692, 1.1749159097671509, 1.1875180006027222, 1.1642791032791138, 1.2048536539077759, 1.164657711982727, 1.1836522817611694, 1.1000659465789795, 1.1550099849700928, 1.169238567352295, 1.1592108011245728, 1.1871806383132935, 1.1409626007080078, 1.1883299350738525, 1.1646276712417603, 1.085933804512024, 1.1871341466903687, 1.1812763214111328, 1.2062820196151733, 1.156184434890747, 1.1735291481018066, 1.1330047845840454, 1.1933578252792358, 1.1394052505493164, 1.1539605855941772, 1.179021954536438, 1.133095145225525, 1.1044018268585205, 1.1792796850204468, 1.0982022285461426, 1.1770625114440918, 1.1785621643066406, 1.1802159547805786, 1.0971381664276123, 1.1498171091079712, 1.1484482288360596, 1.1299391984939575, 1.1621432304382324, 1.1640784740447998, 1.1715744733810425, 1.1474311351776123, 1.196070909500122, 1.161860466003418, 1.1497329473495483, 1.1314151287078857, 1.169490098953247, 1.1439576148986816, 1.181597352027893, 1.1656386852264404, 1.212385654449463, 1.1688873767852783, 1.1559369564056396, 1.1781748533248901, 1.1489598751068115, 1.205641269683838, 1.1692757606506348, 1.179012656211853, 1.167183518409729, 1.1095452308654785, 1.1232357025146484, 1.1842721700668335, 1.1950732469558716], "times": [1653120344.7870405, 1653120647.388265, 1653120950.7821898, 1653121250.9084897, 1653121551.016227, 1653121851.2444272, 1653122151.4977374, 1653122451.728206, 1653122751.9362838, 1653123054.5378516, 1653123356.640136, 1653123658.7422752, 1653123960.843959, 1653124262.946159, 1653124565.048276, 1653124867.1500633, 1653125169.258701, 1653125471.355097, 1653125773.45674, 1653126078.3079584, 1653126380.4109297, 1653126682.5124042, 1653126984.6144848, 1653148003.0432231, 1653148307.9711936, 1653148610.073115, 1653239993.411352, 1653240295.5143933, 1653240597.6159647, 1653240899.7184298, 1653241201.820588, 1653241503.9227757, 1653241806.0246868, 1653242108.1266892, 1653242410.2289283, 1653242712.3310664, 1653243014.4330804, 1653243316.5353138, 1653243618.687756, 1653243920.7897882, 1653244222.8917344, 1653244524.993945, 1653244827.096368, 1653245129.1981642, 1653245431.3004239, 1653333862.4103134, 1653333867.7032013, 1653333873.003688, 1653333878.3096402, 1653333883.603067, 1653333888.9032853, 1653333894.2029936, 1653333899.5098, 1653333904.8031032, 1653333910.103405, 1653333915.4036217, 1653333920.7034051, 1653333926.003096, 1653333931.304038, 1653333936.609855, 1653333941.903561, 1653333947.2039201, 1653333952.503646, 1653333957.8103333, 1653333963.1035635, 1653333968.4035838, 1653333973.7036796, 1653333979.003689, 1653333984.304133, 1653333989.603567, 1653333994.903952, 1653334017.0535975]}, "smoothed_rel_humidity_V_log": {"values": [1.1580135822296143, 1.1651792519128326, 0.5038428471173199, 0.5000069056358509, 0.500000012409499, 0.5000000000223002, 0.5000000000000403, 0.5000000000000008, 0.5000000000000008, 1.15929131017219, 1.1776948975547783, 1.1656724455861596, 1.1719454931443245, 1.177589374020815, 1.1858937796870046, 1.1684544992502506, 1.1600899363465327, 1.1540538940049212, 1.1592459984316879, 1.169155950187027, 1.1663541490360323, 1.1697610736951174, 1.158663483940708, 1.1540503349188262, 1.1626885848401325, 1.1613580113091921, 1.1678637240911198, 1.1650542353100157, 1.173828982468825, 1.1761575459859928, 1.1634231135438697, 1.1589383568799174, 1.163834243993988, 1.1535184410780726, 1.1628790341536677, 1.1676903769670437, 1.1711024454117755, 1.159494029367376, 1.1754538613165337, 1.1666976208696485, 1.1666611089155388, 1.1627430361767754, 1.166513419483333, 1.1718062491239751, 1.1637192927064093, 1.1592927320172701, 1.1583142808998264, 1.1584419125511067, 1.15862979793423, 1.1590612871157904, 1.1586736153845179, 1.159920191855038, 1.1599848676599838, 1.1596431369829692, 1.1587022033737997, 1.1590617998931145, 1.1585583270599666, 1.1593262945588976, 1.159536707581149, 1.161298339143426, 1.161551307064821, 1.1613641620428483, 1.1619245184189164, 1.1614923636418464, 1.1629639938432461, 1.1631743860701589, 1.1637023284082155, 1.1638183680749326, 1.1620092635012842, 1.1607168114683963, 1.1615019900883443, 1.1626210319839285], "times": [1653120344.7870405, 1653120647.388265, 1653120950.7821898, 1653121250.9084897, 1653121551.016227, 1653121851.2444272, 1653122151.4977374, 1653122451.728206, 1653122751.9362838, 1653123054.5378516, 1653123356.640136, 1653123658.7422752, 1653123960.843959, 1653124262.946159, 1653124565.048276, 1653124867.1500633, 1653125169.258701, 1653125471.355097, 1653125773.45674, 1653126078.3079584, 1653126380.4109297, 1653126682.5124042, 1653126984.6144848, 1653148003.0432231, 1653148307.9711936, 1653148610.073115, 1653239993.411352, 1653240295.5143933, 1653240597.6159647, 1653240899.7184298, 1653241201.820588, 1653241503.9227757, 1653241806.0246868, 1653242108.1266892, 1653242410.2289283, 1653242712.3310664, 1653243014.4330804, 1653243316.5353138, 1653243618.687756, 1653243920.7897882, 1653244222.8917344, 1653244524.993945, 1653244827.096368, 1653245129.1981642, 1653245431.3004239, 1653333862.4103134, 1653333867.7032013, 1653333873.003688, 1653333878.3096402, 1653333883.603067, 1653333888.9032853, 1653333894.2029936, 1653333899.5098, 1653333904.8031032, 1653333910.103405, 1653333915.4036217, 1653333920.7034051, 1653333926.003096, 1653333931.304038, 1653333936.609855, 1653333941.903561, 1653333947.2039201, 1653333952.503646, 1653333957.8103333, 1653333963.1035635, 1653333968.4035838, 1653333973.7036796, 1653333979.003689, 1653333984.304133, 1653333989.603567, 1653333994.903952, 1653334017.0535975]}, "pump_status_log": {"values": [false, false, false, true, false, false, true, false, false], "times": [1653120344.7870405, 1653120350.0867274, 1653120360.6877036, 1653120366.1881413, 1653120371.487007, 1653120604.7944984, 1653120610.2876794, 1653120615.5952833, 1653334017.0535975]}}
