{"3C:61:05:35:DF:86": {"rel_humidity_V_log": {"values": [1.8298351764678955, 1.4001487493515015, 1.3342653512954712, 1.3388007879257202, 1.3143254518508911, 1.352908730506897, 1.357485294342041, 1.3823959827423096, 1.4045063257217407, 1.8100720643997192, 1.8062231540679932, 1.805019736289978, 1.801593542098999, 1.807039499282837, 1.8020436763763428, 1.8059276342391968, 1.8059178590774536, 1.8019537925720215, 1.7947319746017456, 1.7888484001159668, 1.791692852973938, 1.7813165187835693, 1.7857801914215088, 1.7908214330673218, 1.7810845375061035, 1.7885788679122925, 1.786331295967102, 1.7875075340270996, 1.8006442785263062, 1.7993240356445312, 1.7915863990783691, 1.7965728044509888, 1.7887977361679077, 1.790924310684204], "times": [1656257740.4357278, 1656258042.5323484, 1656258344.5847502, 1656258646.736255, 1656258955.53864, 1656259257.641866, 1656259559.7928922, 1656259862.2947454, 1656260165.4037182, 1656269071.2451804, 1656269076.5449896, 1656269081.8448482, 1656269087.1448374, 1656269092.4454312, 1656269097.7452426, 1656269103.045318, 1656269108.3455386, 1656269113.6452153, 1656269118.8448603, 1656269124.1949208, 1656269129.4957597, 1656269134.8018246, 1656269140.095701, 1656269145.395802, 1656269150.6959605, 1656269155.9960608, 1656269161.2960856, 1656269166.5963428, 1656269171.8960254, 1656269177.1959648, 1656269182.4960194, 1656269187.7964997, 1656269193.1024811, 1656269198.403409]}, "smoothed_rel_humidity_V_log": {"values": [1.350109407586901, 1.4001487493515015, 1.3230825796996148, 1.3355624700072444, 1.3291766396649303, 1.361629209709076, 1.37186161073454, 1.387042292111543, 1.4008116503060906, 1.4417625310851887, 1.4782085933834692, 1.5108897076741201, 1.5399600911166083, 1.5666680319332311, 1.5902055963775423, 1.6117778001637078, 1.6311918060550825, 1.6482680047067766, 1.6629144016962736, 1.675507801538243, 1.6871263066818125, 1.6965453278919882, 1.7054688142449403, 1.7140040761271786, 1.7207121222650712, 1.7274987968297935, 1.7333820467435244, 1.738794595471882, 1.7449795637773244, 1.7504140109640451, 1.7545312497754775, 1.7587354052430286, 1.7617416383355167, 1.7646599055703853], "times": [1656257740.4357278, 1656258042.5323484, 1656258344.5847502, 1656258646.736255, 1656258955.53864, 1656259257.641866, 1656259559.7928922, 1656259862.2947454, 1656260165.4037182, 1656269071.2451804, 1656269076.5449896, 1656269081.8448482, 1656269087.1448374, 1656269092.4454312, 1656269097.7452426, 1656269103.045318, 1656269108.3455386, 1656269113.6452153, 1656269118.8448603, 1656269124.1949208, 1656269129.4957597, 1656269134.8018246, 1656269140.095701, 1656269145.395802, 1656269150.6959605, 1656269155.9960608, 1656269161.2960856, 1656269166.5963428, 1656269171.8960254, 1656269177.1959648, 1656269182.4960194, 1656269187.7964997, 1656269193.1024811, 1656269198.403409]}, "pump_status_log": {"values": [false, false, false, true, true, false, false, true, true, true, true, true, true, true, true, true, true, true, true, true, true, true, true, true, true, true, true, true, true, true, false, false, true, true, true, true, true, true, false, false, true, true, false, false, true, true, true, true, true, true, true, true, true, false, false, true, true, false, false], "times": [1656257740.4357278, 1656257745.729345, 1656257835.9304442, 1656257841.2374475, 1656257846.5300457, 1656257851.8299732, 1656257857.1300719, 1656257862.4306407, 1656257867.7304425, 1656257873.0310717, 1656257878.3306248, 1656257883.6308317, 1656257888.93108, 1656257894.2309089, 1656257899.531424, 1656257904.8312864, 1656257910.1375248, 1656257915.4381921, 1656257920.7308836, 1656257926.03164, 1656257931.3304038, 1656257936.6312003, 1656257941.931115, 1656257947.2318454, 1656257952.5312693, 1656257957.8385546, 1656257963.1315005, 1656257968.4320188, 1656257973.7386873, 1656257979.032016, 1656257984.2315693, 1656258000.1381915, 1656258005.4320362, 1656258010.7390115, 1656258016.0316782, 1656258021.3382418, 1656258026.6314273, 1656258031.9318182, 1656258037.232013, 1656258090.2323637, 1656258095.5330691, 1656258100.8328025, 1656258106.1323547, 1656258201.5828516, 1656258206.789817, 1656258212.0905442, 1656258217.3839176, 1656258222.6832807, 1656258227.9839866, 1656258233.2833977, 1656258238.5842392, 1656258243.8834584, 1656258249.183649, 1656258254.4903767, 1656269113.6452153, 1656269118.8448603, 1656269124.1949208, 1656269129.4957597, 1656269198.403409]}}, "192.168.0.20": {"rel_humidity_V_log": {"values": [2.71, 2.71, 2.71, 2.71, 2.71, 2.41, 2.67, 2.7, 2.71, 2.71, 2.71, 2.71, 2.5, 2.6, 2.69, 2.71, 2.71, 2.71, 2.71, 2.71, 2.71, 2.71, 2.71, 2.71, 2.71, 2.71, 2.71], "times": [1675531019.1536226, 1675531049.2506995, 1675531079.357225, 1675531120.2211664, 1675531150.5243952, 1675531180.629447, 1675531196.913498, 1675531207.053079, 1675531217.1928592, 1675531227.326626, 1675531228.8634498, 1675531237.467749, 1675531247.6390338, 1675531257.7433538, 1675531267.882964, 1675531278.0568604, 1675531288.1508725, 1675531298.314189, 1675531308.4241767, 1675531319.164508, 1675531329.3140273, 1675531340.3702595, 1675531350.5129821, 1675531360.6449564, 1675531370.7935753, 1675531380.9332647, 1675531391.1797292]}, "smoothed_rel_humidity_V_log": {"values": [2.71, 2.71, 2.71, 2.71, 2.71, 2.68, 2.6790000000000003, 2.6811000000000003, 2.68399, 2.686591, 2.6889319, 2.69103871, 2.671934839, 2.6647413551000003, 2.6672672195900007, 2.6715404976310007, 2.6753864478679006, 2.6788478030811107, 2.6819630227729996, 2.6847667204956998, 2.6872900484461297, 2.689561043601517, 2.691604939241365, 2.6934444453172284, 2.6951000007855055, 2.696590000706955, 2.6979310006362596], "times": [1675531019.1536226, 1675531049.2506995, 1675531079.357225, 1675531120.2211664, 1675531150.5243952, 1675531180.629447, 1675531196.913498, 1675531207.053079, 1675531217.1928592, 1675531227.326626, 1675531228.8634498, 1675531237.467749, 1675531247.6390338, 1675531257.7433538, 1675531267.882964, 1675531278.0568604, 1675531288.1508725, 1675531298.314189, 1675531308.4241767, 1675531319.164508, 1675531329.3140273, 1675531340.3702595, 1675531350.5129821, 1675531360.6449564, 1675531370.7935753, 1675531380.9332647, 1675531391.1797292]}, "pump_status_log": {"values": [false, false, false], "times": [1675531019.1536226, 1675531049.2506995, 1675531391.1797292]}}}
